{"id":"009aae31f6e60b95","source_id_to_path":{"0":"lib/forge-std/src/Base.sol","1":"lib/forge-std/src/StdAssertions.sol","2":"lib/forge-std/src/StdChains.sol","3":"lib/forge-std/src/StdCheats.sol","4":"lib/forge-std/src/StdConstants.sol","5":"lib/forge-std/src/StdError.sol","6":"lib/forge-std/src/StdInvariant.sol","7":"lib/forge-std/src/StdJson.sol","8":"lib/forge-std/src/StdMath.sol","9":"lib/forge-std/src/StdStorage.sol","10":"lib/forge-std/src/StdStyle.sol","11":"lib/forge-std/src/StdToml.sol","12":"lib/forge-std/src/StdUtils.sol","13":"lib/forge-std/src/Test.sol","14":"lib/forge-std/src/Vm.sol","15":"lib/forge-std/src/console.sol","16":"lib/forge-std/src/console2.sol","17":"lib/forge-std/src/interfaces/IMulticall3.sol","18":"lib/forge-std/src/safeconsole.sol","19":"lib/openzeppelin-contracts/contracts/interfaces/draft-IERC6093.sol","20":"lib/openzeppelin-contracts/contracts/proxy/Clones.sol","21":"lib/openzeppelin-contracts/contracts/token/ERC1155/ERC1155.sol","22":"lib/openzeppelin-contracts/contracts/token/ERC1155/IERC1155.sol","23":"lib/openzeppelin-contracts/contracts/token/ERC1155/IERC1155Receiver.sol","24":"lib/openzeppelin-contracts/contracts/token/ERC1155/extensions/ERC1155Burnable.sol","25":"lib/openzeppelin-contracts/contracts/token/ERC1155/extensions/IERC1155MetadataURI.sol","26":"lib/openzeppelin-contracts/contracts/token/ERC1155/utils/ERC1155Utils.sol","27":"lib/openzeppelin-contracts/contracts/utils/Arrays.sol","28":"lib/openzeppelin-contracts/contracts/utils/Comparators.sol","29":"lib/openzeppelin-contracts/contracts/utils/Context.sol","30":"lib/openzeppelin-contracts/contracts/utils/Create2.sol","31":"lib/openzeppelin-contracts/contracts/utils/Errors.sol","32":"lib/openzeppelin-contracts/contracts/utils/Panic.sol","33":"lib/openzeppelin-contracts/contracts/utils/SlotDerivation.sol","34":"lib/openzeppelin-contracts/contracts/utils/StorageSlot.sol","35":"lib/openzeppelin-contracts/contracts/utils/Strings.sol","36":"lib/openzeppelin-contracts/contracts/utils/introspection/ERC165.sol","37":"lib/openzeppelin-contracts/contracts/utils/introspection/IERC165.sol","38":"lib/openzeppelin-contracts/contracts/utils/math/Math.sol","39":"lib/openzeppelin-contracts/contracts/utils/math/SafeCast.sol","40":"lib/openzeppelin-contracts/contracts/utils/math/SignedMath.sol","41":"src/apps/Nested741.sol","42":"src/apps/interface/INested741.sol","43":"src/core/OwnerBase.sol","44":"src/interface/IInstance.sol","45":"src/interface/IInstancePrime.sol","46":"src/interface/IORC1155.sol","47":"src/interface/ITreaseryTVLMining.sol","48":"src/interface/ITreaseryTVLMiningPrime.sol","49":"src/interface/ITreaseryTVLReward.sol","50":"src/interface/ITreaseryTVLRoyality.sol","51":"src/interface/ITreaseryTVLTour.sol","52":"src/lib/DAOAssemblyCore.sol","53":"src/lib/hexBase.sol","54":"src/lib/interface/IDAOAssemblyCore.sol","55":"src/lib/interface/IHexBase.sol","56":"src/lib/interface/ILib723Safeguard.sol","57":"src/lib/interface/ILib741Price.sol","58":"src/lib/interface/ILib741Rules.sol","59":"src/lib/lib723Safeguard.sol","60":"src/lib/lib741Price.sol","61":"src/lib/lib741Rules.sol","62":"src/main/N741_808.sol","63":"src/main/NodeInstance.sol","64":"src/main/NodeInstancePrime.sol","65":"src/main/ORC1155.sol","66":"src/main/TreaseryTVLMining.sol","67":"src/main/TreaseryTVLMiningPrime.sol","68":"src/main/TreaseryTVLReward.sol","69":"src/main/TreaseryTVLRoyality.sol","70":"src/main/TreaseryTVLTour.sol","71":"test/InitSetup.sol"},"language":"Solidity"}