{"id":"1d4caea68aceb268","source_id_to_path":{"0":"lib/openzeppelin-contracts/contracts/interfaces/draft-IERC6093.sol","1":"lib/openzeppelin-contracts/contracts/proxy/Clones.sol","2":"lib/openzeppelin-contracts/contracts/token/ERC1155/ERC1155.sol","3":"lib/openzeppelin-contracts/contracts/token/ERC1155/IERC1155.sol","4":"lib/openzeppelin-contracts/contracts/token/ERC1155/IERC1155Receiver.sol","5":"lib/openzeppelin-contracts/contracts/token/ERC1155/extensions/ERC1155Burnable.sol","6":"lib/openzeppelin-contracts/contracts/token/ERC1155/extensions/IERC1155MetadataURI.sol","7":"lib/openzeppelin-contracts/contracts/token/ERC1155/utils/ERC1155Utils.sol","8":"lib/openzeppelin-contracts/contracts/utils/Arrays.sol","9":"lib/openzeppelin-contracts/contracts/utils/Comparators.sol","10":"lib/openzeppelin-contracts/contracts/utils/Context.sol","11":"lib/openzeppelin-contracts/contracts/utils/Create2.sol","12":"lib/openzeppelin-contracts/contracts/utils/Errors.sol","13":"lib/openzeppelin-contracts/contracts/utils/Panic.sol","14":"lib/openzeppelin-contracts/contracts/utils/SlotDerivation.sol","15":"lib/openzeppelin-contracts/contracts/utils/StorageSlot.sol","16":"lib/openzeppelin-contracts/contracts/utils/Strings.sol","17":"lib/openzeppelin-contracts/contracts/utils/introspection/ERC165.sol","18":"lib/openzeppelin-contracts/contracts/utils/introspection/IERC165.sol","19":"lib/openzeppelin-contracts/contracts/utils/math/Math.sol","20":"lib/openzeppelin-contracts/contracts/utils/math/SafeCast.sol","21":"lib/openzeppelin-contracts/contracts/utils/math/SignedMath.sol","22":"src/apps/interface/INested741.sol","23":"src/core/OwnerBase.sol","24":"src/interface/IInstance.sol","25":"src/interface/IORC1155.sol","26":"src/interface/ITreaseryTVLMining.sol","27":"src/interface/ITreaseryTVLMiningPrime.sol","28":"src/interface/ITreaseryTVLReward.sol","29":"src/interface/ITreaseryTVLRoyality.sol","30":"src/interface/ITreaseryTVLTour.sol","31":"src/lib/interface/IDAOAssemblyCore.sol","32":"src/lib/interface/IHexBase.sol","33":"src/lib/interface/ILib723Safeguard.sol","34":"src/lib/interface/ILib741Price.sol","35":"src/lib/interface/ILib741Rules.sol","36":"src/main/ORC1155.sol"},"language":"Solidity"}