{"id":"aaed19c62296d1e2","source_id_to_path":{"0":"src/apps/Nested741.sol","1":"src/apps/interface/INested741.sol","2":"src/core/OwnerBase.sol","3":"src/interface/IInstance.sol","4":"src/interface/IORC1155.sol","5":"src/interface/ITreaseryTVLMining.sol","6":"src/interface/ITreaseryTVLMiningPrime.sol","7":"src/interface/ITreaseryTVLReward.sol","8":"src/interface/ITreaseryTVLRoyality.sol","9":"src/interface/ITreaseryTVLTour.sol","10":"src/lib/interface/IDAOAssemblyCore.sol","11":"src/lib/interface/IHexBase.sol","12":"src/lib/interface/ILib723Safeguard.sol","13":"src/lib/interface/ILib741Price.sol","14":"src/lib/interface/ILib741Rules.sol"},"language":"Solidity"}