{"id":"c9364f5c9a711b4e","source_id_to_path":{"0":"src/apps/interface/INested741.sol","1":"src/core/OwnerBase.sol","2":"src/interface/IInstance.sol","3":"src/interface/IORC1155.sol","4":"src/interface/ITreaseryTVLMining.sol","5":"src/interface/ITreaseryTVLMiningPrime.sol","6":"src/interface/ITreaseryTVLReward.sol","7":"src/interface/ITreaseryTVLRoyality.sol","8":"src/interface/ITreaseryTVLTour.sol","9":"src/lib/interface/IDAOAssemblyCore.sol","10":"src/lib/interface/IHexBase.sol","11":"src/lib/interface/ILib723Safeguard.sol","12":"src/lib/interface/ILib741Price.sol","13":"src/lib/interface/ILib741Rules.sol","14":"src/main/TreaseryTVLRoyality.sol"},"language":"Solidity"}